sample_id,asset_id,asset_name,event_id,trade_date,event_class,value_tier,target,breakout_v1.selected_static,breakout_v1.blockers,breakout_v1.first_blocker,breakout_v1.close,breakout_v1.ma30,breakout_v1.daily_quality_pass,breakout_v1.trend_stability_pass,breakout_v1.steady_uptrend,breakout_v1.breakout_watch,breakout_v1.pre_breakout_watch,breakout_v1.avg_amount_20d,breakout_v1.amount_ratio_20d,breakout_v1.amount_ratio_prev_20d,breakout_v1.volume_ratio_5d_20d,breakout_v1.ma30_hold_ratio_30d,breakout_v1.ma30_hold_ratio_60d,breakout_v1.ma30_hold_ratio_90d,breakout_v1.close_to_high_60d_pct,breakout_v1.return_20d,breakout_v1.long_shadow_ratio_20d,breakout_v1.large_bearish_body_ratio_20d,breakout_v1.single_bull_bar_return_share_20d,breakout_v1.impulse_consolidation_days,breakout_v1.ma5_10_20_30_convergence_pct,breakout_v2_weak_shape.selected_static,breakout_v2_weak_shape.blockers,breakout_v2_weak_shape.first_blocker,breakout_v2_weak_shape.close,breakout_v2_weak_shape.ma30,breakout_v2_weak_shape.daily_quality_pass,breakout_v2_weak_shape.trend_stability_pass,breakout_v2_weak_shape.steady_uptrend,breakout_v2_weak_shape.breakout_watch,breakout_v2_weak_shape.pre_breakout_watch,breakout_v2_weak_shape.avg_amount_20d,breakout_v2_weak_shape.amount_ratio_20d,breakout_v2_weak_shape.amount_ratio_prev_20d,breakout_v2_weak_shape.volume_ratio_5d_20d,breakout_v2_weak_shape.ma30_hold_ratio_30d,breakout_v2_weak_shape.ma30_hold_ratio_60d,breakout_v2_weak_shape.ma30_hold_ratio_90d,breakout_v2_weak_shape.close_to_high_60d_pct,breakout_v2_weak_shape.return_20d,breakout_v2_weak_shape.long_shadow_ratio_20d,breakout_v2_weak_shape.large_bearish_body_ratio_20d,breakout_v2_weak_shape.single_bull_bar_return_share_20d,breakout_v2_weak_shape.impulse_consolidation_days,breakout_v2_weak_shape.ma5_10_20_30_convergence_pct,pre_breakout_v1.selected_static,pre_breakout_v1.blockers,pre_breakout_v1.first_blocker,pre_breakout_v1.close,pre_breakout_v1.ma30,pre_breakout_v1.daily_quality_pass,pre_breakout_v1.trend_stability_pass,pre_breakout_v1.steady_uptrend,pre_breakout_v1.breakout_watch,pre_breakout_v1.pre_breakout_watch,pre_breakout_v1.avg_amount_20d,pre_breakout_v1.amount_ratio_20d,pre_breakout_v1.amount_ratio_prev_20d,pre_breakout_v1.volume_ratio_5d_20d,pre_breakout_v1.ma30_hold_ratio_30d,pre_breakout_v1.ma30_hold_ratio_60d,pre_breakout_v1.ma30_hold_ratio_90d,pre_breakout_v1.close_to_high_60d_pct,pre_breakout_v1.return_20d,pre_breakout_v1.long_shadow_ratio_20d,pre_breakout_v1.large_bearish_body_ratio_20d,pre_breakout_v1.single_bull_bar_return_share_20d,pre_breakout_v1.impulse_consolidation_days,pre_breakout_v1.ma5_10_20_30_convergence_pct,trend_recall_subpools.selected,trend_recall_subpools.matched_subpools,pre_breakout_v3.selected_static,pre_breakout_v3.blockers,pre_breakout_v3.first_blocker,pre_breakout_v3.close,pre_breakout_v3.ma30,pre_breakout_v3.daily_quality_pass,pre_breakout_v3.trend_stability_pass,pre_breakout_v3.steady_uptrend,pre_breakout_v3.breakout_watch,pre_breakout_v3.pre_breakout_watch,pre_breakout_v3.avg_amount_20d,pre_breakout_v3.amount_ratio_20d,pre_breakout_v3.amount_ratio_prev_20d,pre_breakout_v3.volume_ratio_5d_20d,pre_breakout_v3.ma30_hold_ratio_30d,pre_breakout_v3.ma30_hold_ratio_60d,pre_breakout_v3.ma30_hold_ratio_90d,pre_breakout_v3.close_to_high_60d_pct,pre_breakout_v3.return_20d,pre_breakout_v3.long_shadow_ratio_20d,pre_breakout_v3.large_bearish_body_ratio_20d,pre_breakout_v3.single_bull_bar_return_share_20d,pre_breakout_v3.impulse_consolidation_days,pre_breakout_v3.ma5_10_20_30_convergence_pct,pre_breakout_v3_1.selected_static,pre_breakout_v3_1.blockers,pre_breakout_v3_1.first_blocker,pre_breakout_v3_1.close,pre_breakout_v3_1.ma30,pre_breakout_v3_1.daily_quality_pass,pre_breakout_v3_1.trend_stability_pass,pre_breakout_v3_1.steady_uptrend,pre_breakout_v3_1.breakout_watch,pre_breakout_v3_1.pre_breakout_watch,pre_breakout_v3_1.avg_amount_20d,pre_breakout_v3_1.amount_ratio_20d,pre_breakout_v3_1.amount_ratio_prev_20d,pre_breakout_v3_1.volume_ratio_5d_20d,pre_breakout_v3_1.ma30_hold_ratio_30d,pre_breakout_v3_1.ma30_hold_ratio_60d,pre_breakout_v3_1.ma30_hold_ratio_90d,pre_breakout_v3_1.close_to_high_60d_pct,pre_breakout_v3_1.return_20d,pre_breakout_v3_1.long_shadow_ratio_20d,pre_breakout_v3_1.large_bearish_body_ratio_20d,pre_breakout_v3_1.single_bull_bar_return_share_20d,pre_breakout_v3_1.impulse_consolidation_days,pre_breakout_v3_1.ma5_10_20_30_convergence_pct
stbu_603256_honghe_2026_research,603256.SH,宏和科技,stbu_603256_20260409_long_base_breakout,20260409,positive_attention_high_value,high,positive_recall,False,steady_uptrend_failed,steady_uptrend_failed,76.17070357554788,70.76778162245294,True,True,False,False,False,1425576.615300001,1.2212056288771522,1.2014456090213173,1.1116,0.6,0.7833333333333333,0.7666666666666667,-0.10939691444600264,0.04297837393922821,0.5689046350945859,0.3,0.2434873339455945,7,0.03232283464566871,False,steady_uptrend_failed,steady_uptrend_failed,76.17070357554788,70.76778162245294,True,True,False,False,False,1425576.615300001,1.2212056288771522,1.2014456090213173,1.1116,0.6,0.7833333333333333,0.7666666666666667,-0.10939691444600264,0.04297837393922821,0.5689046350945859,0.3,0.2434873339455945,7,0.03232283464566871,False,steady_uptrend_failed,steady_uptrend_failed,76.17070357554788,70.76778162245294,True,True,False,False,False,1425576.615300001,1.2212056288771522,1.2014456090213173,1.1116,0.6,0.7833333333333333,0.7666666666666667,-0.10939691444600264,0.04297837393922821,0.5689046350945859,0.3,0.2434873339455945,7,0.03232283464566871,True,trend_following,False,steady_uptrend_failed,steady_uptrend_failed,76.17070357554788,70.76778162245294,True,True,False,False,False,1425576.615300001,1.2212056288771522,1.2014456090213173,1.1116,0.6,0.7833333333333333,0.7666666666666667,-0.10939691444600264,0.04297837393922821,0.5689046350945859,0.3,0.2434873339455945,7,0.03232283464566871,False,steady_uptrend_failed,steady_uptrend_failed,76.17070357554788,70.76778162245294,True,True,False,False,False,1425576.615300001,1.2212056288771522,1.2014456090213173,1.1116,0.6,0.7833333333333333,0.7666666666666667,-0.10939691444600264,0.04297837393922821,0.5689046350945859,0.3,0.2434873339455945,7,0.03232283464566871
stbu_603256_honghe_2026_research,603256.SH,宏和科技,stbu_603256_20260429_small_acceleration_continuation,20260429,positive_attention_mid_value,mid,positive_recall,False,trend_stability_failed,trend_stability_failed,120.57362552864285,84.55881071382802,False,False,False,False,False,2595361.9908000017,0.7078729339153574,0.7058239702819248,0.8478,0.6333333333333333,0.8,0.8444444444444444,0.0,0.7219129193433265,0.5409055392964508,0.15,0.14859716224058972,0,0.20993754490687044,False,trend_stability_failed,trend_stability_failed,120.57362552864285,84.55881071382802,False,False,False,False,False,2595361.9908000017,0.7078729339153574,0.7058239702819248,0.8478,0.6333333333333333,0.8,0.8444444444444444,0.0,0.7219129193433265,0.5409055392964508,0.15,0.14859716224058972,0,0.20993754490687044,False,trend_stability_failed,trend_stability_failed,120.57362552864285,84.55881071382802,False,False,False,False,False,2595361.9908000017,0.7078729339153574,0.7058239702819248,0.8478,0.6333333333333333,0.8,0.8444444444444444,0.0,0.7219129193433265,0.5409055392964508,0.15,0.14859716224058972,0,0.20993754490687044,False,,False,trend_stability_failed,trend_stability_failed,120.57362552864285,84.55881071382802,False,False,False,False,False,2595361.9908000017,0.7078729339153574,0.7058239702819248,0.8478,0.6333333333333333,0.8,0.8444444444444444,0.0,0.7219129193433265,0.5409055392964508,0.15,0.14859716224058972,0,0.20993754490687044,False,trend_stability_failed,trend_stability_failed,120.57362552864285,84.55881071382802,False,False,False,False,False,2595361.9908000017,0.7078729339153574,0.7058239702819248,0.8478,0.6333333333333333,0.8,0.8444444444444444,0.0,0.7219129193433265,0.5409055392964508,0.15,0.14859716224058972,0,0.20993754490687044
stbu_603256_honghe_2026_research,603256.SH,宏和科技,stbu_603256_20260522_pullback_reacceleration,20260522,positive_attention_high_value,high,positive_recall,False,volume_ratio_5d_20d_below_1.2,volume_ratio_5d_20d_below_1.2,159.30872741253364,119.1704985262079,True,True,True,False,False,3010230.4874500013,1.0141132985421284,1.0211670769918075,0.9853,1.0,0.8,0.8555555555555555,0.0,0.4975568502161247,0.46961887365323757,0.2,0.1694071219978321,14,0.1544937357511866,False,volume_ratio_5d_20d_below_1.2,volume_ratio_5d_20d_below_1.2,159.30872741253364,119.1704985262079,True,True,True,False,False,3010230.4874500013,1.0141132985421284,1.0211670769918075,0.9853,1.0,0.8,0.8555555555555555,0.0,0.4975568502161247,0.46961887365323757,0.2,0.1694071219978321,14,0.1544937357511866,False,already_new_high_60d,already_new_high_60d,159.30872741253364,119.1704985262079,True,True,True,False,False,3010230.4874500013,1.0141132985421284,1.0211670769918075,0.9853,1.0,0.8,0.8555555555555555,0.0,0.4975568502161247,0.46961887365323757,0.2,0.1694071219978321,14,0.1544937357511866,True,pullback_reacceleration;trend_following,False,no_breakout_or_pre_breakout_trigger,no_breakout_or_pre_breakout_trigger,159.30872741253364,119.1704985262079,True,True,True,False,False,3010230.4874500013,1.0141132985421284,1.0211670769918075,0.9853,1.0,0.8,0.8555555555555555,0.0,0.4975568502161247,0.46961887365323757,0.2,0.1694071219978321,14,0.1544937357511866,False,no_breakout_or_pre_breakout_trigger,no_breakout_or_pre_breakout_trigger,159.30872741253364,119.1704985262079,True,True,True,False,False,3010230.4874500013,1.0141132985421284,1.0211670769918075,0.9853,1.0,0.8,0.8555555555555555,0.0,0.4975568502161247,0.46961887365323757,0.2,0.1694071219978321,14,0.1544937357511866
stbu_603256_honghe_2026_research,603256.SH,宏和科技,stbu_603256_20260611_late_acceleration,20260611,positive_attention_mid_value,mid,positive_recall,False,volume_ratio_5d_20d_below_1.2,volume_ratio_5d_20d_below_1.2,211.0,164.10678187876454,True,True,True,False,False,3548114.159750002,1.1237063773846907,1.1473028722377905,0.9031,1.0,0.8,0.8666666666666667,0.0,0.48826872908519925,0.5065906158065184,0.1,0.13601927522657667,2,0.17073764617205806,False,volume_ratio_5d_20d_below_1.2,volume_ratio_5d_20d_below_1.2,211.0,164.10678187876454,True,True,True,False,False,3548114.159750002,1.1237063773846907,1.1473028722377905,0.9031,1.0,0.8,0.8666666666666667,0.0,0.48826872908519925,0.5065906158065184,0.1,0.13601927522657667,2,0.17073764617205806,False,already_new_high_60d,already_new_high_60d,211.0,164.10678187876454,True,True,True,False,False,3548114.159750002,1.1237063773846907,1.1473028722377905,0.9031,1.0,0.8,0.8666666666666667,0.0,0.48826872908519925,0.5065906158065184,0.1,0.13601927522657667,2,0.17073764617205806,False,,False,no_breakout_or_pre_breakout_trigger,no_breakout_or_pre_breakout_trigger,211.0,164.10678187876454,True,True,True,False,False,3548114.159750002,1.1237063773846907,1.1473028722377905,0.9031,1.0,0.8,0.8666666666666667,0.0,0.48826872908519925,0.5065906158065184,0.1,0.13601927522657667,2,0.17073764617205806,False,no_breakout_or_pre_breakout_trigger,no_breakout_or_pre_breakout_trigger,211.0,164.10678187876454,True,True,True,False,False,3548114.159750002,1.1237063773846907,1.1473028722377905,0.9031,1.0,0.8,0.8666666666666667,0.0,0.48826872908519925,0.5065906158065184,0.1,0.13601927522657667,2,0.17073764617205806
stbu_301217_tongguan_2026_research,301217.SZ,铜冠铜箔,stbu_301217_20260427_long_base_breakout,20260427,positive_attention,high,positive_recall,False,trend_stability_failed;pre_breakout_ma30_sustained_failed,trend_stability_failed,51.31,42.11900000000001,False,False,False,False,False,2044587.6385,1.2384003797741832,1.2720795772934252,0.9848,0.5666666666666667,0.55,0.6,-0.003495824431928529,0.354183161784112,0.5135499960845962,0.15,0.23099479399057116,14,0.14353927109725204,False,trend_stability_failed;pre_breakout_ma30_sustained_failed,trend_stability_failed,51.31,42.11900000000001,False,False,False,False,False,2044587.6385,1.2384003797741832,1.2720795772934252,0.9848,0.5666666666666667,0.55,0.6,-0.003495824431928529,0.354183161784112,0.5135499960845962,0.15,0.23099479399057116,14,0.14353927109725204,False,trend_stability_failed;pre_breakout_ma30_sustained_failed,trend_stability_failed,51.31,42.11900000000001,False,False,False,False,False,2044587.6385,1.2384003797741832,1.2720795772934252,0.9848,0.5666666666666667,0.55,0.6,-0.003495824431928529,0.354183161784112,0.5135499960845962,0.15,0.23099479399057116,14,0.14353927109725204,False,,False,trend_stability_failed;pre_breakout_ma30_sustained_failed,trend_stability_failed,51.31,42.11900000000001,False,False,False,False,False,2044587.6385,1.2384003797741832,1.2720795772934252,0.9848,0.5666666666666667,0.55,0.6,-0.003495824431928529,0.354183161784112,0.5135499960845962,0.15,0.23099479399057116,14,0.14353927109725204,False,trend_stability_failed;pre_breakout_ma30_sustained_failed,trend_stability_failed,51.31,42.11900000000001,False,False,False,False,False,2044587.6385,1.2384003797741832,1.2720795772934252,0.9848,0.5666666666666667,0.55,0.6,-0.003495824431928529,0.354183161784112,0.5135499960845962,0.15,0.23099479399057116,14,0.14353927109725204
stbu_301217_tongguan_2026_research,301217.SZ,铜冠铜箔,stbu_301217_20260526_short_rest_weak,20260526,weak_or_excluded_attention,low_or_exclude,exclude_or_low,False,trend_stability_failed;pre_breakout_ma30_sustained_failed,trend_stability_failed,102.45,70.77966666666666,False,False,False,False,False,3865778.9930225,1.0346931525753467,1.0626420444197875,0.7436,1.0,0.7833333333333333,0.6666666666666666,0.0,1.1219966859983428,0.5131076746882667,0.1,0.18054001039700526,16,0.20708963722140913,False,trend_stability_failed;pre_breakout_ma30_sustained_failed,trend_stability_failed,102.45,70.77966666666666,False,False,False,False,False,3865778.9930225,1.0346931525753467,1.0626420444197875,0.7436,1.0,0.7833333333333333,0.6666666666666666,0.0,1.1219966859983428,0.5131076746882667,0.1,0.18054001039700526,16,0.20708963722140913,False,trend_stability_failed;pre_breakout_ma30_sustained_failed,trend_stability_failed,102.45,70.77966666666666,False,False,False,False,False,3865778.9930225,1.0346931525753467,1.0626420444197875,0.7436,1.0,0.7833333333333333,0.6666666666666666,0.0,1.1219966859983428,0.5131076746882667,0.1,0.18054001039700526,16,0.20708963722140913,True,pullback_reacceleration,False,trend_stability_failed;pre_breakout_ma30_sustained_failed,trend_stability_failed,102.45,70.77966666666666,False,False,False,False,False,3865778.9930225,1.0346931525753467,1.0626420444197875,0.7436,1.0,0.7833333333333333,0.6666666666666666,0.0,1.1219966859983428,0.5131076746882667,0.1,0.18054001039700526,16,0.20708963722140913,False,trend_stability_failed;pre_breakout_ma30_sustained_failed,trend_stability_failed,102.45,70.77966666666666,False,False,False,False,False,3865778.9930225,1.0346931525753467,1.0626420444197875,0.7436,1.0,0.7833333333333333,0.6666666666666666,0.0,1.1219966859983428,0.5131076746882667,0.1,0.18054001039700526,16,0.20708963722140913
stbu_301217_tongguan_2026_research,301217.SZ,铜冠铜箔,stbu_301217_20260609_low_drawdown_rebreakout,20260609,positive_attention_high_value,high,positive_recall,False,volume_ratio_5d_20d_below_1.2,volume_ratio_5d_20d_below_1.2,122.76,92.09266666666669,True,True,True,False,False,3794938.5961764976,1.1530829191225427,1.1349267953664512,0.8426,1.0,0.7833333333333333,0.6888888888888889,0.0,0.29891016823616545,0.5192421627569331,0.15,0.2526207228899472,8,0.1691213207342239,False,volume_ratio_5d_20d_below_1.2,volume_ratio_5d_20d_below_1.2,122.76,92.09266666666669,True,True,True,False,False,3794938.5961764976,1.1530829191225427,1.1349267953664512,0.8426,1.0,0.7833333333333333,0.6888888888888889,0.0,0.29891016823616545,0.5192421627569331,0.15,0.2526207228899472,8,0.1691213207342239,False,already_new_high_60d,already_new_high_60d,122.76,92.09266666666669,True,True,True,False,False,3794938.5961764976,1.1530829191225427,1.1349267953664512,0.8426,1.0,0.7833333333333333,0.6888888888888889,0.0,0.29891016823616545,0.5192421627569331,0.15,0.2526207228899472,8,0.1691213207342239,True,pullback_reacceleration;trend_following,False,no_breakout_or_pre_breakout_trigger,no_breakout_or_pre_breakout_trigger,122.76,92.09266666666669,True,True,True,False,False,3794938.5961764976,1.1530829191225427,1.1349267953664512,0.8426,1.0,0.7833333333333333,0.6888888888888889,0.0,0.29891016823616545,0.5192421627569331,0.15,0.2526207228899472,8,0.1691213207342239,False,no_breakout_or_pre_breakout_trigger,no_breakout_or_pre_breakout_trigger,122.76,92.09266666666669,True,True,True,False,False,3794938.5961764976,1.1530829191225427,1.1349267953664512,0.8426,1.0,0.7833333333333333,0.6888888888888889,0.0,0.29891016823616545,0.5192421627569331,0.15,0.2526207228899472,8,0.1691213207342239
stbu_002384_dongshan_2026_research,002384.SZ,东山精密,stbu_002384_20260226_long_base_breakout,20260226,positive_attention_best,,positive_recall,False,trend_stability_failed;pre_breakout_ma30_sustained_failed,trend_stability_failed,85.89,76.77966666666661,False,False,False,False,False,4285399.462749999,2.143779597877816,2.330693380828645,1.232,0.26666666666666666,0.5833333333333334,0.5444444444444444,-0.02397727272727268,0.15134048257372656,0.5137617331088388,0.2,0.22837803294843023,0,0.04367213878216345,False,trend_stability_failed;pre_breakout_ma30_sustained_failed,trend_stability_failed,85.89,76.77966666666661,False,False,False,False,False,4285399.462749999,2.143779597877816,2.330693380828645,1.232,0.26666666666666666,0.5833333333333334,0.5444444444444444,-0.02397727272727268,0.15134048257372656,0.5137617331088388,0.2,0.22837803294843023,0,0.04367213878216345,False,trend_stability_failed;pre_breakout_ma30_sustained_failed,trend_stability_failed,85.89,76.77966666666661,False,False,False,False,False,4285399.462749999,2.143779597877816,2.330693380828645,1.232,0.26666666666666666,0.5833333333333334,0.5444444444444444,-0.02397727272727268,0.15134048257372656,0.5137617331088388,0.2,0.22837803294843023,0,0.04367213878216345,False,,False,trend_stability_failed;pre_breakout_ma30_sustained_failed,trend_stability_failed,85.89,76.77966666666661,False,False,False,False,False,4285399.462749999,2.143779597877816,2.330693380828645,1.232,0.26666666666666666,0.5833333333333334,0.5444444444444444,-0.02397727272727268,0.15134048257372656,0.5137617331088388,0.2,0.22837803294843023,0,0.04367213878216345,False,trend_stability_failed;pre_breakout_ma30_sustained_failed,trend_stability_failed,85.89,76.77966666666661,False,False,False,False,False,4285399.462749999,2.143779597877816,2.330693380828645,1.232,0.26666666666666666,0.5833333333333334,0.5444444444444444,-0.02397727272727268,0.15134048257372656,0.5137617331088388,0.2,0.22837803294843023,0,0.04367213878216345
stbu_002384_dongshan_2026_research,002384.SZ,东山精密,stbu_002384_20260408_continuation_breakout,20260408,positive_attention,,positive_recall,False,volume_ratio_5d_20d_below_1.2,volume_ratio_5d_20d_below_1.2,119.91,103.53833333333333,True,True,True,False,False,8125399.456199993,0.3427255184205257,0.32893129974114516,0.6597,1.0,0.6333333333333333,0.7,0.0,0.10966129927817869,0.5919866665111921,0.3,0.21900052608517168,0,0.06176020904567322,False,pre_breakout_ma30_sustained_failed;consecutive_green_k_failed,pre_breakout_ma30_sustained_failed,119.91,103.53833333333333,False,True,False,False,False,8125399.456199993,0.3427255184205257,0.32893129974114516,0.6597,1.0,0.6333333333333333,0.7,0.0,0.10966129927817869,0.5919866665111921,0.3,0.21900052608517168,0,0.06176020904567322,False,already_new_high_60d,already_new_high_60d,119.91,103.53833333333333,True,True,True,False,False,8125399.456199993,0.3427255184205257,0.32893129974114516,0.6597,1.0,0.6333333333333333,0.7,0.0,0.10966129927817869,0.5919866665111921,0.3,0.21900052608517168,0,0.06176020904567322,True,pullback_reacceleration;trend_following,False,no_breakout_or_pre_breakout_trigger,no_breakout_or_pre_breakout_trigger,119.91,103.53833333333333,True,True,True,False,False,8125399.456199993,0.3427255184205257,0.32893129974114516,0.6597,1.0,0.6333333333333333,0.7,0.0,0.10966129927817869,0.5919866665111921,0.3,0.21900052608517168,0,0.06176020904567322,False,no_breakout_or_pre_breakout_trigger,no_breakout_or_pre_breakout_trigger,119.91,103.53833333333333,True,True,True,False,False,8125399.456199993,0.3427255184205257,0.32893129974114516,0.6597,1.0,0.6333333333333333,0.7,0.0,0.10966129927817869,0.5919866665111921,0.3,0.21900052608517168,0,0.06176020904567322
stbu_002384_dongshan_2026_research,002384.SZ,东山精密,stbu_002384_20260615_late_extension,20260615,positive_attention_risk_higher,,positive_recall,False,volume_ratio_5d_20d_below_1.2,volume_ratio_5d_20d_below_1.2,239.31,215.5976666666667,True,True,True,False,False,18816438.453374997,1.0483422371709163,1.057749499128985,0.8599,0.9333333333333333,0.9666666666666667,0.8444444444444444,0.0,0.132828402366864,0.5253599614327918,0.2,0.1770799005969117,9,0.023264106528491594,False,ma5_10_20_30_convergence_failed,ma5_10_20_30_convergence_failed,239.31,215.5976666666667,False,True,False,False,False,18816438.453374997,1.0483422371709163,1.057749499128985,0.8599,0.9333333333333333,0.9666666666666667,0.8444444444444444,0.0,0.132828402366864,0.5253599614327918,0.2,0.1770799005969117,9,0.023264106528491594,False,already_new_high_60d,already_new_high_60d,239.31,215.5976666666667,True,True,True,False,False,18816438.453374997,1.0483422371709163,1.057749499128985,0.8599,0.9333333333333333,0.9666666666666667,0.8444444444444444,0.0,0.132828402366864,0.5253599614327918,0.2,0.1770799005969117,9,0.023264106528491594,True,long_base_breakout;pullback_reacceleration;trend_following,False,no_breakout_or_pre_breakout_trigger,no_breakout_or_pre_breakout_trigger,239.31,215.5976666666667,True,True,True,False,False,18816438.453374997,1.0483422371709163,1.057749499128985,0.8599,0.9333333333333333,0.9666666666666667,0.8444444444444444,0.0,0.132828402366864,0.5253599614327918,0.2,0.1770799005969117,9,0.023264106528491594,False,no_breakout_or_pre_breakout_trigger,no_breakout_or_pre_breakout_trigger,239.31,215.5976666666667,True,True,True,False,False,18816438.453374997,1.0483422371709163,1.057749499128985,0.8599,0.9333333333333333,0.9666666666666667,0.8444444444444444,0.0,0.132828402366864,0.5253599614327918,0.2,0.1770799005969117,9,0.023264106528491594
stbu_600105_yongding_2026_research,600105.SH,永鼎股份,stbu_600105_20260401_high_level_breakout,20260401,positive_attention,,positive_recall,False,steady_uptrend_failed,steady_uptrend_failed,30.504848241799994,27.5503472075647,True,True,False,False,False,3256381.9169499977,2.141317468846229,2.2944958881824093,1.2063,0.5666666666666667,0.7333333333333333,0.7888888888888889,-0.032350142721217834,0.1384328358208955,0.4590519726719095,0.25,0.2310448045872519,0,0.02382825303179328,False,ma5_10_20_30_convergence_failed,ma5_10_20_30_convergence_failed,30.504848241799994,27.5503472075647,False,True,False,False,False,3256381.9169499977,2.141317468846229,2.2944958881824093,1.2063,0.5666666666666667,0.7333333333333333,0.7888888888888889,-0.032350142721217834,0.1384328358208955,0.4590519726719095,0.25,0.2310448045872519,0,0.02382825303179328,False,steady_uptrend_failed,steady_uptrend_failed,30.504848241799994,27.5503472075647,True,True,False,False,False,3256381.9169499977,2.141317468846229,2.2944958881824093,1.2063,0.5666666666666667,0.7333333333333333,0.7888888888888889,-0.032350142721217834,0.1384328358208955,0.4590519726719095,0.25,0.2310448045872519,0,0.02382825303179328,True,trend_following,False,steady_uptrend_failed,steady_uptrend_failed,30.504848241799994,27.5503472075647,True,True,False,False,False,3256381.9169499977,2.141317468846229,2.2944958881824093,1.2063,0.5666666666666667,0.7333333333333333,0.7888888888888889,-0.032350142721217834,0.1384328358208955,0.4590519726719095,0.25,0.2310448045872519,0,0.02382825303179328,False,steady_uptrend_failed,steady_uptrend_failed,30.504848241799994,27.5503472075647,True,True,False,False,False,3256381.9169499977,2.141317468846229,2.2944958881824093,1.2063,0.5666666666666667,0.7333333333333333,0.7888888888888889,-0.032350142721217834,0.1384328358208955,0.4590519726719095,0.25,0.2310448045872519,0,0.02382825303179328
stbu_600105_yongding_2026_research,600105.SH,永鼎股份,stbu_600105_20260624_overextended_negative,20260624,negative_after_close_recall,borderline_negative,wait_or_observe_only,False,volume_ratio_5d_20d_below_1.2,volume_ratio_5d_20d_below_1.2,68.74,53.213815286982665,True,True,True,False,False,8611223.162750002,1.220701263726519,1.2360734252021268,0.9574,0.9666666666666667,0.95,0.8222222222222222,0.0,0.48555767146184925,0.5186082513305253,0.15,0.1479342686243583,0,0.15732011511517807,False,volume_ratio_5d_20d_below_1.2,volume_ratio_5d_20d_below_1.2,68.74,53.213815286982665,True,True,True,False,False,8611223.162750002,1.220701263726519,1.2360734252021268,0.9574,0.9666666666666667,0.95,0.8222222222222222,0.0,0.48555767146184925,0.5186082513305253,0.15,0.1479342686243583,0,0.15732011511517807,False,already_new_high_60d,already_new_high_60d,68.74,53.213815286982665,True,True,True,False,False,8611223.162750002,1.220701263726519,1.2360734252021268,0.9574,0.9666666666666667,0.95,0.8222222222222222,0.0,0.48555767146184925,0.5186082513305253,0.15,0.1479342686243583,0,0.15732011511517807,False,,False,no_breakout_or_pre_breakout_trigger,no_breakout_or_pre_breakout_trigger,68.74,53.213815286982665,True,True,True,False,False,8611223.162750002,1.220701263726519,1.2360734252021268,0.9574,0.9666666666666667,0.95,0.8222222222222222,0.0,0.48555767146184925,0.5186082513305253,0.15,0.1479342686243583,0,0.15732011511517807,False,no_breakout_or_pre_breakout_trigger,no_breakout_or_pre_breakout_trigger,68.74,53.213815286982665,True,True,True,False,False,8611223.162750002,1.220701263726519,1.2360734252021268,0.9574,0.9666666666666667,0.95,0.8222222222222222,0.0,0.48555767146184925,0.5186082513305253,0.15,0.1479342686243583,0,0.15732011511517807
stbu_001896_yuneng_2026_research,001896.SZ,豫能控股,stbu_001896_20260603_high_level_consolidation_failure,20260603,borderline_negative_recall,borderline_negative,wait_or_observe_only,False,volume_ratio_5d_20d_below_1.2,volume_ratio_5d_20d_below_1.2,20.08,16.69000000000001,True,True,True,False,False,3242664.1419465034,0.9844634989221357,0.9926412886079778,1.1145,0.7333333333333333,0.7166666666666667,0.8111111111111111,0.0,0.224390243902439,0.5709224638815992,0.15,0.1587169873848377,0,0.05044820717131359,False,volume_ratio_5d_20d_below_1.2,volume_ratio_5d_20d_below_1.2,20.08,16.69000000000001,True,True,True,False,False,3242664.1419465034,0.9844634989221357,0.9926412886079778,1.1145,0.7333333333333333,0.7166666666666667,0.8111111111111111,0.0,0.224390243902439,0.5709224638815992,0.15,0.1587169873848377,0,0.05044820717131359,False,already_new_high_60d,already_new_high_60d,20.08,16.69000000000001,True,True,True,False,False,3242664.1419465034,0.9844634989221357,0.9926412886079778,1.1145,0.7333333333333333,0.7166666666666667,0.8111111111111111,0.0,0.224390243902439,0.5709224638815992,0.15,0.1587169873848377,0,0.05044820717131359,True,ma10_ma20_walkup;trend_following,False,no_breakout_or_pre_breakout_trigger,no_breakout_or_pre_breakout_trigger,20.08,16.69000000000001,True,True,True,False,False,3242664.1419465034,0.9844634989221357,0.9926412886079778,1.1145,0.7333333333333333,0.7166666666666667,0.8111111111111111,0.0,0.224390243902439,0.5709224638815992,0.15,0.1587169873848377,0,0.05044820717131359,False,no_breakout_or_pre_breakout_trigger,no_breakout_or_pre_breakout_trigger,20.08,16.69000000000001,True,True,True,False,False,3242664.1419465034,0.9844634989221357,0.9926412886079778,1.1145,0.7333333333333333,0.7166666666666667,0.8111111111111111,0.0,0.224390243902439,0.5709224638815992,0.15,0.1587169873848377,0,0.05044820717131359
stbu_600188_yankuang_2026_research,600188.SH,兖矿能源,stbu_600188_20260601_limitup_high_volume_a_drop,20260601,borderline_negative_recall,borderline_negative,wait_or_observe_only,False,industry_concept_strength_failed,industry_concept_strength_failed,23.98,21.064666666666657,False,True,False,False,False,1231913.04625,1.9403387863098542,1.958055419656535,1.064,0.7333333333333333,0.7,0.7888888888888889,0.0,0.03495899870522212,0.5530655274508409,0.05,0.360524813885032,0,0.03133166527661977,False,consecutive_green_k_failed;industry_concept_strength_failed,consecutive_green_k_failed,23.98,21.064666666666657,False,True,False,False,False,1231913.04625,1.9403387863098542,1.958055419656535,1.064,0.7333333333333333,0.7,0.7888888888888889,0.0,0.03495899870522212,0.5530655274508409,0.05,0.360524813885032,0,0.03133166527661977,False,industry_concept_strength_failed,industry_concept_strength_failed,23.98,21.064666666666657,False,True,False,False,False,1231913.04625,1.9403387863098542,1.958055419656535,1.064,0.7333333333333333,0.7,0.7888888888888889,0.0,0.03495899870522212,0.5530655274508409,0.05,0.360524813885032,0,0.03133166527661977,True,trend_following,False,industry_concept_strength_failed,industry_concept_strength_failed,23.98,21.064666666666657,False,True,False,False,False,1231913.04625,1.9403387863098542,1.958055419656535,1.064,0.7333333333333333,0.7,0.7888888888888889,0.0,0.03495899870522212,0.5530655274508409,0.05,0.360524813885032,0,0.03133166527661977,False,industry_concept_strength_failed,industry_concept_strength_failed,23.98,21.064666666666657,False,True,False,False,False,1231913.04625,1.9403387863098542,1.958055419656535,1.064,0.7333333333333333,0.7,0.7888888888888889,0.0,0.03495899870522212,0.5530655274508409,0.05,0.360524813885032,0,0.03133166527661977
stbu_002378_zhangyuan_2026_research,002378.SZ,章源钨业,stbu_002378_20260612_downtrend_base_out_of_family,20260612,hard_negative_recall,hard_negative,hard_negative_reject,False,trend_stability_failed;pre_breakout_ma30_sustained_failed;industry_concept_strength_failed,trend_stability_failed,34.53200784643408,30.797353918546513,False,False,False,False,False,2086382.9218020006,3.3610831355700155,3.8586629094781313,1.5824,0.36666666666666664,0.25,0.5,-0.06073752711496738,0.14474553866490414,0.5815555324760788,0.2,0.30585884679485936,1,0.05961316397228684,False,trend_stability_failed;pre_breakout_ma30_sustained_failed;industry_concept_strength_failed,trend_stability_failed,34.53200784643408,30.797353918546513,False,False,False,False,False,2086382.9218020006,3.3610831355700155,3.8586629094781313,1.5824,0.36666666666666664,0.25,0.5,-0.06073752711496738,0.14474553866490414,0.5815555324760788,0.2,0.30585884679485936,1,0.05961316397228684,False,trend_stability_failed;pre_breakout_ma30_sustained_failed;industry_concept_strength_failed,trend_stability_failed,34.53200784643408,30.797353918546513,False,False,False,False,False,2086382.9218020006,3.3610831355700155,3.8586629094781313,1.5824,0.36666666666666664,0.25,0.5,-0.06073752711496738,0.14474553866490414,0.5815555324760788,0.2,0.30585884679485936,1,0.05961316397228684,False,,False,trend_stability_failed;pre_breakout_ma30_sustained_failed;industry_concept_strength_failed,trend_stability_failed,34.53200784643408,30.797353918546513,False,False,False,False,False,2086382.9218020006,3.3610831355700155,3.8586629094781313,1.5824,0.36666666666666664,0.25,0.5,-0.06073752711496738,0.14474553866490414,0.5815555324760788,0.2,0.30585884679485936,1,0.05961316397228684,False,trend_stability_failed;pre_breakout_ma30_sustained_failed;industry_concept_strength_failed,trend_stability_failed,34.53200784643408,30.797353918546513,False,False,False,False,False,2086382.9218020006,3.3610831355700155,3.8586629094781313,1.5824,0.36666666666666664,0.25,0.5,-0.06073752711496738,0.14474553866490414,0.5815555324760788,0.2,0.30585884679485936,1,0.05961316397228684
stbu_301128_qiangrui_2026_research,301128.SZ,强瑞技术,stbu_301128_20260608_noisy_ma_convergence_breakdown,20260608,hard_negative_recall,hard_negative,hard_negative_reject,True,,,153.16,135.48057505106604,True,True,True,True,False,1216613.1853039996,1.5508997549854164,1.594234848359677,1.3112,0.8333333333333334,0.9,0.8111111111111111,0.0,0.1393293596484011,0.5667817873800425,0.3,0.20530382733145125,4,0.051299294855053724,True,,,153.16,135.48057505106604,True,True,True,True,False,1216613.1853039996,1.5508997549854164,1.594234848359677,1.3112,0.8333333333333334,0.9,0.8111111111111111,0.0,0.1393293596484011,0.5667817873800425,0.3,0.20530382733145125,4,0.051299294855053724,False,already_new_high_60d,already_new_high_60d,153.16,135.48057505106604,True,True,True,True,False,1216613.1853039996,1.5508997549854164,1.594234848359677,1.3112,0.8333333333333334,0.9,0.8111111111111111,0.0,0.1393293596484011,0.5667817873800425,0.3,0.20530382733145125,4,0.051299294855053724,False,,True,,,153.16,135.48057505106604,True,True,True,True,False,1216613.1853039996,1.5508997549854164,1.594234848359677,1.3112,0.8333333333333334,0.9,0.8111111111111111,0.0,0.1393293596484011,0.5667817873800425,0.3,0.20530382733145125,4,0.051299294855053724,True,,,153.16,135.48057505106604,True,True,True,True,False,1216613.1853039996,1.5508997549854164,1.594234848359677,1.3112,0.8333333333333334,0.9,0.8111111111111111,0.0,0.1393293596484011,0.5667817873800425,0.3,0.20530382733145125,4,0.051299294855053724
stbu_002851_maigemit_2026_research,002851.SZ,麦格米特,stbu_002851_20260429_weekly_uptrend_daily_quality_failed,20260429,hard_negative_recall,hard_negative,hard_negative_reject,False,trend_stability_failed;pre_breakout_ma30_sustained_failed,trend_stability_failed,115.61,103.67600000000007,False,False,False,False,False,1987031.6756500048,1.3140740039515704,1.365610903628627,1.0414,0.26666666666666666,0.55,0.7,-0.16934904440293153,0.18940329218107,0.4745285243966209,0.2,0.23419308064240907,0,0.03696912031831157,False,trend_stability_failed;pre_breakout_ma30_sustained_failed,trend_stability_failed,115.61,103.67600000000007,False,False,False,False,False,1987031.6756500048,1.3140740039515704,1.365610903628627,1.0414,0.26666666666666666,0.55,0.7,-0.16934904440293153,0.18940329218107,0.4745285243966209,0.2,0.23419308064240907,0,0.03696912031831157,False,trend_stability_failed;pre_breakout_ma30_sustained_failed,trend_stability_failed,115.61,103.67600000000007,False,False,False,False,False,1987031.6756500048,1.3140740039515704,1.365610903628627,1.0414,0.26666666666666666,0.55,0.7,-0.16934904440293153,0.18940329218107,0.4745285243966209,0.2,0.23419308064240907,0,0.03696912031831157,False,,False,trend_stability_failed;pre_breakout_ma30_sustained_failed,trend_stability_failed,115.61,103.67600000000007,False,False,False,False,False,1987031.6756500048,1.3140740039515704,1.365610903628627,1.0414,0.26666666666666666,0.55,0.7,-0.16934904440293153,0.18940329218107,0.4745285243966209,0.2,0.23419308064240907,0,0.03696912031831157,False,trend_stability_failed;pre_breakout_ma30_sustained_failed,trend_stability_failed,115.61,103.67600000000007,False,False,False,False,False,1987031.6756500048,1.3140740039515704,1.365610903628627,1.0414,0.26666666666666666,0.55,0.7,-0.16934904440293153,0.18940329218107,0.4745285243966209,0.2,0.23419308064240907,0,0.03696912031831157
stbu_301526_guojifucai_2026_research,301526.SZ,国际复材,stbu_301526_20260423_high_level_rest_after_breakout,20260423,positive_attention_high_value,high,positive_recall,False,turnover_quality_failed,turnover_quality_failed,14.984061014263075,12.374095483359744,False,True,False,False,False,2301659.822350001,1.917262102830831,2.0438188790571665,1.0527,0.5333333333333333,0.7666666666666667,0.8444444444444444,-0.04885786802030467,0.3480215827338129,0.633742241929838,0.15,0.3096223179256343,8,0.12141427618412304,False,turnover_quality_failed,turnover_quality_failed,14.984061014263075,12.374095483359744,False,True,False,False,False,2301659.822350001,1.917262102830831,2.0438188790571665,1.0527,0.5333333333333333,0.7666666666666667,0.8444444444444444,-0.04885786802030467,0.3480215827338129,0.633742241929838,0.15,0.3096223179256343,8,0.12141427618412304,False,turnover_quality_failed,turnover_quality_failed,14.984061014263075,12.374095483359744,False,True,False,False,False,2301659.822350001,1.917262102830831,2.0438188790571665,1.0527,0.5333333333333333,0.7666666666666667,0.8444444444444444,-0.04885786802030467,0.3480215827338129,0.633742241929838,0.15,0.3096223179256343,8,0.12141427618412304,True,trend_following,False,turnover_quality_failed,turnover_quality_failed,14.984061014263075,12.374095483359744,False,True,False,False,False,2301659.822350001,1.917262102830831,2.0438188790571665,1.0527,0.5333333333333333,0.7666666666666667,0.8444444444444444,-0.04885786802030467,0.3480215827338129,0.633742241929838,0.15,0.3096223179256343,8,0.12141427618412304,False,turnover_quality_failed,turnover_quality_failed,14.984061014263075,12.374095483359744,False,True,False,False,False,2301659.822350001,1.917262102830831,2.0438188790571665,1.0527,0.5333333333333333,0.7666666666666667,0.8444444444444444,-0.04885786802030467,0.3480215827338129,0.633742241929838,0.15,0.3096223179256343,8,0.12141427618412304
stbu_301526_guojifucai_2026_research,301526.SZ,国际复材,stbu_301526_20260610_steady_ma10_walkup_new_high,20260610,positive_attention_high_value,high,positive_recall,False,turnover_quality_failed,turnover_quality_failed,25.200011885895407,20.24597543581617,False,True,False,False,False,4094657.4877469996,1.1300788967079314,1.1195541754020513,0.9627,1.0,0.7666666666666667,0.8444444444444444,-0.005914826498422565,0.24064960629921273,0.4128621730369396,0.35,0.22182649282211797,1,0.12471241570805157,False,large_bearish_body_ratio_failed;turnover_quality_failed,large_bearish_body_ratio_failed,25.200011885895407,20.24597543581617,False,True,False,False,False,4094657.4877469996,1.1300788967079314,1.1195541754020513,0.9627,1.0,0.7666666666666667,0.8444444444444444,-0.005914826498422565,0.24064960629921273,0.4128621730369396,0.35,0.22182649282211797,1,0.12471241570805157,False,turnover_quality_failed,turnover_quality_failed,25.200011885895407,20.24597543581617,False,True,False,False,False,4094657.4877469996,1.1300788967079314,1.1195541754020513,0.9627,1.0,0.7666666666666667,0.8444444444444444,-0.005914826498422565,0.24064960629921273,0.4128621730369396,0.35,0.22182649282211797,1,0.12471241570805157,False,,False,turnover_quality_failed,turnover_quality_failed,25.200011885895407,20.24597543581617,False,True,False,False,False,4094657.4877469996,1.1300788967079314,1.1195541754020513,0.9627,1.0,0.7666666666666667,0.8444444444444444,-0.005914826498422565,0.24064960629921273,0.4128621730369396,0.35,0.22182649282211797,1,0.12471241570805157,False,turnover_quality_failed,turnover_quality_failed,25.200011885895407,20.24597543581617,False,True,False,False,False,4094657.4877469996,1.1300788967079314,1.1195541754020513,0.9627,1.0,0.7666666666666667,0.8444444444444444,-0.005914826498422565,0.24064960629921273,0.4128621730369396,0.35,0.22182649282211797,1,0.12471241570805157
stbu_688141_jiehuate_2026_research,688141.SH,杰华特,stbu_688141_20260609_mid_value_acceleration,20260609,positive_attention_mid_value,mid,positive_recall,False,industry_concept_strength_failed,industry_concept_strength_failed,103.7,96.188,False,True,False,False,False,1904593.3713999998,0.9935634495089162,0.9825824378031315,0.8337,0.9,0.7833333333333333,0.8444444444444444,-0.05830003632401015,-0.05830003632401015,0.5079451508302727,0.4,0.3783190333536794,0,0.024971070395370998,False,large_bearish_body_ratio_failed;ma5_10_20_30_convergence_failed;industry_concept_strength_failed,large_bearish_body_ratio_failed,103.7,96.188,False,True,False,False,False,1904593.3713999998,0.9935634495089162,0.9825824378031315,0.8337,0.9,0.7833333333333333,0.8444444444444444,-0.05830003632401015,-0.05830003632401015,0.5079451508302727,0.4,0.3783190333536794,0,0.024971070395370998,False,industry_concept_strength_failed,industry_concept_strength_failed,103.7,96.188,False,True,False,False,False,1904593.3713999998,0.9935634495089162,0.9825824378031315,0.8337,0.9,0.7833333333333333,0.8444444444444444,-0.05830003632401015,-0.05830003632401015,0.5079451508302727,0.4,0.3783190333536794,0,0.024971070395370998,False,,False,industry_concept_strength_failed,industry_concept_strength_failed,103.7,96.188,False,True,False,False,False,1904593.3713999998,0.9935634495089162,0.9825824378031315,0.8337,0.9,0.7833333333333333,0.8444444444444444,-0.05830003632401015,-0.05830003632401015,0.5079451508302727,0.4,0.3783190333536794,0,0.024971070395370998,False,industry_concept_strength_failed,industry_concept_strength_failed,103.7,96.188,False,True,False,False,False,1904593.3713999998,0.9935634495089162,0.9825824378031315,0.8337,0.9,0.7833333333333333,0.8444444444444444,-0.05830003632401015,-0.05830003632401015,0.5079451508302727,0.4,0.3783190333536794,0,0.024971070395370998
stbu_688141_jiehuate_2026_research,688141.SH,杰华特,stbu_688141_20260707_acceleration_without_consolidation,20260707,weak_or_excluded_attention,low_or_exclude,exclude_or_low,False,close_not_new_high_60d,close_not_new_high_60d,162.92,124.97699999999999,True,True,True,False,False,2322799.8584999996,0.9217588476962619,0.9331104795142572,0.9211,0.9,0.95,0.8444444444444444,-0.031736598121954174,0.8852117565378383,0.594376096087697,0.1,0.2181759039031894,19,0.1903326786152713,False,close_not_new_high_60d,close_not_new_high_60d,162.92,124.97699999999999,True,True,True,False,False,2322799.8584999996,0.9217588476962619,0.9331104795142572,0.9211,0.9,0.95,0.8444444444444444,-0.031736598121954174,0.8852117565378383,0.594376096087697,0.1,0.2181759039031894,19,0.1903326786152713,False,volume_ratio_5d_20d_below_1.2,volume_ratio_5d_20d_below_1.2,162.92,124.97699999999999,True,True,True,False,False,2322799.8584999996,0.9217588476962619,0.9331104795142572,0.9211,0.9,0.95,0.8444444444444444,-0.031736598121954174,0.8852117565378383,0.594376096087697,0.1,0.2181759039031894,19,0.1903326786152713,True,pullback_reacceleration;trend_following,False,no_breakout_or_pre_breakout_trigger,no_breakout_or_pre_breakout_trigger,162.92,124.97699999999999,True,True,True,False,False,2322799.8584999996,0.9217588476962619,0.9331104795142572,0.9211,0.9,0.95,0.8444444444444444,-0.031736598121954174,0.8852117565378383,0.594376096087697,0.1,0.2181759039031894,19,0.1903326786152713,False,no_breakout_or_pre_breakout_trigger,no_breakout_or_pre_breakout_trigger,162.92,124.97699999999999,True,True,True,False,False,2322799.8584999996,0.9217588476962619,0.9331104795142572,0.9211,0.9,0.95,0.8444444444444444,-0.031736598121954174,0.8852117565378383,0.594376096087697,0.1,0.2181759039031894,19,0.1903326786152713
stbu_603991_lingxian_20260707_recall_review,603991.SH,领先股份,stbu_603991_20260707_single_bull_then_bearish_pullback,20260707,hard_negative_recall,hard_negative,hard_negative_reject,False,close_not_new_high_60d,close_not_new_high_60d,154.69,123.62300000000012,True,True,True,False,True,875151.2022499997,1.15474696989711,1.2099614623965358,1.4135,0.5666666666666667,0.7833333333333333,0.8333333333333334,-0.0037354286082309507,0.5270483711747285,0.5317119776447263,0.2,0.15885188722424218,4,0.19161548904259973,False,close_not_new_high_60d,close_not_new_high_60d,154.69,123.62300000000012,True,True,True,False,True,875151.2022499997,1.15474696989711,1.2099614623965358,1.4135,0.5666666666666667,0.7833333333333333,0.8333333333333334,-0.0037354286082309507,0.5270483711747285,0.5317119776447263,0.2,0.15885188722424218,4,0.19161548904259973,True,,,154.69,123.62300000000012,True,True,True,False,True,875151.2022499997,1.15474696989711,1.2099614623965358,1.4135,0.5666666666666667,0.7833333333333333,0.8333333333333334,-0.0037354286082309507,0.5270483711747285,0.5317119776447263,0.2,0.15885188722424218,4,0.19161548904259973,False,,False,pre_breakout_too_close_to_high,pre_breakout_too_close_to_high,154.69,123.62300000000012,True,True,True,False,True,875151.2022499997,1.15474696989711,1.2099614623965358,1.4135,0.5666666666666667,0.7833333333333333,0.8333333333333334,-0.0037354286082309507,0.5270483711747285,0.5317119776447263,0.2,0.15885188722424218,4,0.19161548904259973,False,pre_breakout_too_close_to_high,pre_breakout_too_close_to_high,154.69,123.62300000000012,True,True,True,False,True,875151.2022499997,1.15474696989711,1.2099614623965358,1.4135,0.5666666666666667,0.7833333333333333,0.8333333333333334,-0.0037354286082309507,0.5270483711747285,0.5317119776447263,0.2,0.15885188722424218,4,0.19161548904259973
stbu_000811_binglun_20260707_recall_review,000811.SZ,冰轮环境,stbu_000811_20260707_high_level_consolidation_wait,20260707,borderline_negative_recall,borderline_negative,wait_or_observe_only,False,close_not_new_high_60d,close_not_new_high_60d,52.6,40.15098411277759,True,True,True,False,False,2246682.863731499,1.1422430893106654,1.1836468541322023,1.0547,0.9333333333333333,0.9166666666666666,0.7777777777777778,-0.06438989683386698,0.8038331326126837,0.4732214779299723,0.2,0.11707170149238885,8,0.24302311572666155,False,close_not_new_high_60d,close_not_new_high_60d,52.6,40.15098411277759,True,True,True,False,False,2246682.863731499,1.1422430893106654,1.1836468541322023,1.0547,0.9333333333333333,0.9166666666666666,0.7777777777777778,-0.06438989683386698,0.8038331326126837,0.4732214779299723,0.2,0.11707170149238885,8,0.24302311572666155,False,volume_ratio_5d_20d_below_1.2,volume_ratio_5d_20d_below_1.2,52.6,40.15098411277759,True,True,True,False,False,2246682.863731499,1.1422430893106654,1.1836468541322023,1.0547,0.9333333333333333,0.9166666666666666,0.7777777777777778,-0.06438989683386698,0.8038331326126837,0.4732214779299723,0.2,0.11707170149238885,8,0.24302311572666155,True,trend_following,False,no_breakout_or_pre_breakout_trigger,no_breakout_or_pre_breakout_trigger,52.6,40.15098411277759,True,True,True,False,False,2246682.863731499,1.1422430893106654,1.1836468541322023,1.0547,0.9333333333333333,0.9166666666666666,0.7777777777777778,-0.06438989683386698,0.8038331326126837,0.4732214779299723,0.2,0.11707170149238885,8,0.24302311572666155,False,no_breakout_or_pre_breakout_trigger,no_breakout_or_pre_breakout_trigger,52.6,40.15098411277759,True,True,True,False,False,2246682.863731499,1.1422430893106654,1.1836468541322023,1.0547,0.9333333333333333,0.9166666666666666,0.7777777777777778,-0.06438989683386698,0.8038331326126837,0.4732214779299723,0.2,0.11707170149238885,8,0.24302311572666155
stbu_603608_tianchuang_20260707_recall_review,603608.SH,天创时尚,stbu_603608_20260707_v_shape_wait_for_w_base,20260707,borderline_negative_recall,borderline_negative,wait_or_observe_only,False,close_not_new_high_60d,close_not_new_high_60d,28.55,22.863333333333344,True,True,True,False,False,885546.6090500008,1.316002796566746,1.33827864422389,1.0156,1.0,0.95,0.7777777777777778,-0.004879749041477921,0.33723653395784514,0.5232851335706799,0.15,0.17648178032221462,3,0.10363105662580278,False,consecutive_green_k_failed,consecutive_green_k_failed,28.55,22.863333333333344,False,True,False,False,False,885546.6090500008,1.316002796566746,1.33827864422389,1.0156,1.0,0.95,0.7777777777777778,-0.004879749041477921,0.33723653395784514,0.5232851335706799,0.15,0.17648178032221462,3,0.10363105662580278,False,volume_ratio_5d_20d_below_1.2,volume_ratio_5d_20d_below_1.2,28.55,22.863333333333344,True,True,True,False,False,885546.6090500008,1.316002796566746,1.33827864422389,1.0156,1.0,0.95,0.7777777777777778,-0.004879749041477921,0.33723653395784514,0.5232851335706799,0.15,0.17648178032221462,3,0.10363105662580278,False,,False,no_breakout_or_pre_breakout_trigger,no_breakout_or_pre_breakout_trigger,28.55,22.863333333333344,True,True,True,False,False,885546.6090500008,1.316002796566746,1.33827864422389,1.0156,1.0,0.95,0.7777777777777778,-0.004879749041477921,0.33723653395784514,0.5232851335706799,0.15,0.17648178032221462,3,0.10363105662580278,False,no_breakout_or_pre_breakout_trigger,no_breakout_or_pre_breakout_trigger,28.55,22.863333333333344,True,True,True,False,False,885546.6090500008,1.316002796566746,1.33827864422389,1.0156,1.0,0.95,0.7777777777777778,-0.004879749041477921,0.33723653395784514,0.5232851335706799,0.15,0.17648178032221462,3,0.10363105662580278
stbu_300666_jiangfeng_2026_research,300666.SZ,江丰电子,stbu_300666_20260105_early_reversal_start,20260105,positive_attention_mid_value,mid,positive_recall,False,trend_stability_failed;pre_breakout_ma30_sustained_failed,trend_stability_failed,100.10358366787428,89.42553539606385,False,False,False,False,False,884321.907149999,1.926580315635011,2.0655665042680673,1.019,0.5333333333333333,0.5166666666666667,0.6444444444444445,-0.12417045057631859,0.14917506874427122,0.5118169635797591,0.0,0.3613984185943425,0,0.050817547357927095,False,trend_stability_failed;pre_breakout_ma30_sustained_failed;consecutive_green_k_failed,trend_stability_failed,100.10358366787428,89.42553539606385,False,False,False,False,False,884321.907149999,1.926580315635011,2.0655665042680673,1.019,0.5333333333333333,0.5166666666666667,0.6444444444444445,-0.12417045057631859,0.14917506874427122,0.5118169635797591,0.0,0.3613984185943425,0,0.050817547357927095,False,trend_stability_failed;pre_breakout_ma30_sustained_failed,trend_stability_failed,100.10358366787428,89.42553539606385,False,False,False,False,False,884321.907149999,1.926580315635011,2.0655665042680673,1.019,0.5333333333333333,0.5166666666666667,0.6444444444444445,-0.12417045057631859,0.14917506874427122,0.5118169635797591,0.0,0.3613984185943425,0,0.050817547357927095,False,,False,trend_stability_failed;pre_breakout_ma30_sustained_failed,trend_stability_failed,100.10358366787428,89.42553539606385,False,False,False,False,False,884321.907149999,1.926580315635011,2.0655665042680673,1.019,0.5333333333333333,0.5166666666666667,0.6444444444444445,-0.12417045057631859,0.14917506874427122,0.5118169635797591,0.0,0.3613984185943425,0,0.050817547357927095,False,trend_stability_failed;pre_breakout_ma30_sustained_failed,trend_stability_failed,100.10358366787428,89.42553539606385,False,False,False,False,False,884321.907149999,1.926580315635011,2.0655665042680673,1.019,0.5333333333333333,0.5166666666666667,0.6444444444444445,-0.12417045057631859,0.14917506874427122,0.5118169635797591,0.0,0.3613984185943425,0,0.050817547357927095
stbu_300666_jiangfeng_2026_research,300666.SZ,江丰电子,stbu_300666_20260609_new_high_acceleration,20260609,positive_attention_high_value,high,positive_recall,False,volume_ratio_5d_20d_below_1.2,volume_ratio_5d_20d_below_1.2,224.88,191.69382424361115,True,True,True,False,False,3625422.1031364985,1.3676249802913836,1.4221632284129173,0.9237,1.0,0.8166666666666667,0.8777777777777778,0.0,0.23959533471405714,0.46939933091720765,0.25,0.23607603460262194,0,0.07088302986654665,False,volume_ratio_5d_20d_below_1.2,volume_ratio_5d_20d_below_1.2,224.88,191.69382424361115,True,True,True,False,False,3625422.1031364985,1.3676249802913836,1.4221632284129173,0.9237,1.0,0.8166666666666667,0.8777777777777778,0.0,0.23959533471405714,0.46939933091720765,0.25,0.23607603460262194,0,0.07088302986654665,False,already_new_high_60d,already_new_high_60d,224.88,191.69382424361115,True,True,True,False,False,3625422.1031364985,1.3676249802913836,1.4221632284129173,0.9237,1.0,0.8166666666666667,0.8777777777777778,0.0,0.23959533471405714,0.46939933091720765,0.25,0.23607603460262194,0,0.07088302986654665,True,pullback_reacceleration;ma10_ma20_walkup;trend_following,False,no_breakout_or_pre_breakout_trigger,no_breakout_or_pre_breakout_trigger,224.88,191.69382424361115,True,True,True,False,False,3625422.1031364985,1.3676249802913836,1.4221632284129173,0.9237,1.0,0.8166666666666667,0.8777777777777778,0.0,0.23959533471405714,0.46939933091720765,0.25,0.23607603460262194,0,0.07088302986654665,False,no_breakout_or_pre_breakout_trigger,no_breakout_or_pre_breakout_trigger,224.88,191.69382424361115,True,True,True,False,False,3625422.1031364985,1.3676249802913836,1.4221632284129173,0.9237,1.0,0.8166666666666667,0.8777777777777778,0.0,0.23959533471405714,0.46939933091720765,0.25,0.23607603460262194,0,0.07088302986654665
stbu_000657_zhongwugaoxin_2026_research,000657.SZ,中钨高新,stbu_000657_20260107_new_high_impulse_start,20260107,positive_attention_high_value,high,positive_recall,False,volume_ratio_5d_20d_below_1.2,volume_ratio_5d_20d_below_1.2,31.91773211173801,25.916865998355096,True,True,True,False,False,2832605.4147,1.2475285073809894,1.268490639199708,0.8397,0.8333333333333334,0.7833333333333333,0.7333333333333333,0.0,0.32725010369141416,0.5512162910126033,0.2,0.1880883769054697,13,0.10432291666666653,False,volume_ratio_5d_20d_below_1.2,volume_ratio_5d_20d_below_1.2,31.91773211173801,25.916865998355096,True,True,True,False,False,2832605.4147,1.2475285073809894,1.268490639199708,0.8397,0.8333333333333334,0.7833333333333333,0.7333333333333333,0.0,0.32725010369141416,0.5512162910126033,0.2,0.1880883769054697,13,0.10432291666666653,False,already_new_high_60d,already_new_high_60d,31.91773211173801,25.916865998355096,True,True,True,False,False,2832605.4147,1.2475285073809894,1.268490639199708,0.8397,0.8333333333333334,0.7833333333333333,0.7333333333333333,0.0,0.32725010369141416,0.5512162910126033,0.2,0.1880883769054697,13,0.10432291666666653,True,pullback_reacceleration;trend_following,False,no_breakout_or_pre_breakout_trigger,no_breakout_or_pre_breakout_trigger,31.91773211173801,25.916865998355096,True,True,True,False,False,2832605.4147,1.2475285073809894,1.268490639199708,0.8397,0.8333333333333334,0.7833333333333333,0.7333333333333333,0.0,0.32725010369141416,0.5512162910126033,0.2,0.1880883769054697,13,0.10432291666666653,False,no_breakout_or_pre_breakout_trigger,no_breakout_or_pre_breakout_trigger,31.91773211173801,25.916865998355096,True,True,True,False,False,2832605.4147,1.2475285073809894,1.268490639199708,0.8397,0.8333333333333334,0.7833333333333333,0.7333333333333333,0.0,0.32725010369141416,0.5512162910126033,0.2,0.1880883769054697,13,0.10432291666666653
stbu_000657_zhongwugaoxin_2026_research,000657.SZ,中钨高新,stbu_000657_20260109_new_high_followthrough,20260109,positive_attention_high_value,high,positive_recall,False,volume_ratio_5d_20d_below_1.2,volume_ratio_5d_20d_below_1.2,32.80544403609573,26.577496557792845,True,True,True,False,False,2870860.29095,1.0324955443997343,1.0495620937786292,0.9029,0.8333333333333334,0.8166666666666667,0.7333333333333333,0.0,0.3305016181229774,0.5355536946688588,0.2,0.17692969621720486,15,0.1270903010033449,False,volume_ratio_5d_20d_below_1.2,volume_ratio_5d_20d_below_1.2,32.80544403609573,26.577496557792845,True,True,True,False,False,2870860.29095,1.0324955443997343,1.0495620937786292,0.9029,0.8333333333333334,0.8166666666666667,0.7333333333333333,0.0,0.3305016181229774,0.5355536946688588,0.2,0.17692969621720486,15,0.1270903010033449,False,already_new_high_60d,already_new_high_60d,32.80544403609573,26.577496557792845,True,True,True,False,False,2870860.29095,1.0324955443997343,1.0495620937786292,0.9029,0.8333333333333334,0.8166666666666667,0.7333333333333333,0.0,0.3305016181229774,0.5355536946688588,0.2,0.17692969621720486,15,0.1270903010033449,True,pullback_reacceleration;trend_following,False,no_breakout_or_pre_breakout_trigger,no_breakout_or_pre_breakout_trigger,32.80544403609573,26.577496557792845,True,True,True,False,False,2870860.29095,1.0324955443997343,1.0495620937786292,0.9029,0.8333333333333334,0.8166666666666667,0.7333333333333333,0.0,0.3305016181229774,0.5355536946688588,0.2,0.17692969621720486,15,0.1270903010033449,False,no_breakout_or_pre_breakout_trigger,no_breakout_or_pre_breakout_trigger,32.80544403609573,26.577496557792845,True,True,True,False,False,2870860.29095,1.0324955443997343,1.0495620937786292,0.9029,0.8333333333333334,0.8166666666666667,0.7333333333333333,0.0,0.3305016181229774,0.5355536946688588,0.2,0.17692969621720486,15,0.1270903010033449
stbu_000657_zhongwugaoxin_2026_research,000657.SZ,中钨高新,stbu_000657_20260113_acceleration_confirmation,20260113,positive_attention_high_value,high,positive_recall,False,volume_ratio_5d_20d_below_1.2,volume_ratio_5d_20d_below_1.2,33.46374726090032,27.322908593152395,True,True,True,False,False,2954893.77625,0.9977365591603472,1.0082302005694797,0.9073,0.8666666666666667,0.85,0.7333333333333333,0.0,0.3473895582329318,0.5500854601006929,0.15,0.1741336606824696,17,0.14881271733730805,False,volume_ratio_5d_20d_below_1.2,volume_ratio_5d_20d_below_1.2,33.46374726090032,27.322908593152395,True,True,True,False,False,2954893.77625,0.9977365591603472,1.0082302005694797,0.9073,0.8666666666666667,0.85,0.7333333333333333,0.0,0.3473895582329318,0.5500854601006929,0.15,0.1741336606824696,17,0.14881271733730805,False,already_new_high_60d,already_new_high_60d,33.46374726090032,27.322908593152395,True,True,True,False,False,2954893.77625,0.9977365591603472,1.0082302005694797,0.9073,0.8666666666666667,0.85,0.7333333333333333,0.0,0.3473895582329318,0.5500854601006929,0.15,0.1741336606824696,17,0.14881271733730805,True,pullback_reacceleration;trend_following,False,no_breakout_or_pre_breakout_trigger,no_breakout_or_pre_breakout_trigger,33.46374726090032,27.322908593152395,True,True,True,False,False,2954893.77625,0.9977365591603472,1.0082302005694797,0.9073,0.8666666666666667,0.85,0.7333333333333333,0.0,0.3473895582329318,0.5500854601006929,0.15,0.1741336606824696,17,0.14881271733730805,False,no_breakout_or_pre_breakout_trigger,no_breakout_or_pre_breakout_trigger,33.46374726090032,27.322908593152395,True,True,True,False,False,2954893.77625,0.9977365591603472,1.0082302005694797,0.9073,0.8666666666666667,0.85,0.7333333333333333,0.0,0.3473895582329318,0.5500854601006929,0.15,0.1741336606824696,17,0.14881271733730805
stbu_000657_zhongwugaoxin_2026_research,000657.SZ,中钨高新,stbu_000657_20260522_pullback_reacceleration,20260522,positive_attention_high_value,high,positive_recall,False,trend_stability_failed;pre_breakout_ma30_sustained_failed,trend_stability_failed,62.219629035319294,55.78521372741861,False,False,False,False,False,5154411.469049999,1.0757820067907762,1.0900742823018161,0.8775,0.7333333333333333,0.6,0.7333333333333333,-0.09620399884091568,0.07905206711641588,0.5745414688695708,0.2,0.24158655885743802,14,0.03879448541199134,False,trend_stability_failed;pre_breakout_ma30_sustained_failed,trend_stability_failed,62.219629035319294,55.78521372741861,False,False,False,False,False,5154411.469049999,1.0757820067907762,1.0900742823018161,0.8775,0.7333333333333333,0.6,0.7333333333333333,-0.09620399884091568,0.07905206711641588,0.5745414688695708,0.2,0.24158655885743802,14,0.03879448541199134,False,trend_stability_failed;pre_breakout_ma30_sustained_failed,trend_stability_failed,62.219629035319294,55.78521372741861,False,False,False,False,False,5154411.469049999,1.0757820067907762,1.0900742823018161,0.8775,0.7333333333333333,0.6,0.7333333333333333,-0.09620399884091568,0.07905206711641588,0.5745414688695708,0.2,0.24158655885743802,14,0.03879448541199134,False,,False,trend_stability_failed;pre_breakout_ma30_sustained_failed,trend_stability_failed,62.219629035319294,55.78521372741861,False,False,False,False,False,5154411.469049999,1.0757820067907762,1.0900742823018161,0.8775,0.7333333333333333,0.6,0.7333333333333333,-0.09620399884091568,0.07905206711641588,0.5745414688695708,0.2,0.24158655885743802,14,0.03879448541199134,False,trend_stability_failed;pre_breakout_ma30_sustained_failed,trend_stability_failed,62.219629035319294,55.78521372741861,False,False,False,False,False,5154411.469049999,1.0757820067907762,1.0900742823018161,0.8775,0.7333333333333333,0.6,0.7333333333333333,-0.09620399884091568,0.07905206711641588,0.5745414688695708,0.2,0.24158655885743802,14,0.03879448541199134
stbu_000657_zhongwugaoxin_2026_research,000657.SZ,中钨高新,stbu_000657_20260610_high_level_reacceleration,20260610,positive_attention_high_value,high,positive_recall,False,close_not_new_high_60d,close_not_new_high_60d,72.71258346705316,62.5627446555205,True,True,True,False,False,6037669.418765999,1.2263841690397417,1.238457224986025,1.0011,0.9666666666666667,0.6,0.7333333333333333,-0.019238530875824056,0.1671469740634004,0.46427800679506603,0.3,0.1831620051640335,13,0.1164060356652945,False,close_not_new_high_60d,close_not_new_high_60d,72.71258346705316,62.5627446555205,True,True,True,False,False,6037669.418765999,1.2263841690397417,1.238457224986025,1.0011,0.9666666666666667,0.6,0.7333333333333333,-0.019238530875824056,0.1671469740634004,0.46427800679506603,0.3,0.1831620051640335,13,0.1164060356652945,False,pre_breakout_ma30_sustained_failed,pre_breakout_ma30_sustained_failed,72.71258346705316,62.5627446555205,True,True,True,False,False,6037669.418765999,1.2263841690397417,1.238457224986025,1.0011,0.9666666666666667,0.6,0.7333333333333333,-0.019238530875824056,0.1671469740634004,0.46427800679506603,0.3,0.1831620051640335,13,0.1164060356652945,True,pullback_reacceleration;ma10_ma20_walkup;trend_following;early_reversal,False,no_breakout_or_pre_breakout_trigger,no_breakout_or_pre_breakout_trigger,72.71258346705316,62.5627446555205,True,True,True,False,False,6037669.418765999,1.2263841690397417,1.238457224986025,1.0011,0.9666666666666667,0.6,0.7333333333333333,-0.019238530875824056,0.1671469740634004,0.46427800679506603,0.3,0.1831620051640335,13,0.1164060356652945,False,no_breakout_or_pre_breakout_trigger,no_breakout_or_pre_breakout_trigger,72.71258346705316,62.5627446555205,True,True,True,False,False,6037669.418765999,1.2263841690397417,1.238457224986025,1.0011,0.9666666666666667,0.6,0.7333333333333333,-0.019238530875824056,0.1671469740634004,0.46427800679506603,0.3,0.1831620051640335,13,0.1164060356652945
stbu_002371_beifanghuachuang_2026_research,002371.SZ,北方华创,stbu_002371_20260427_new_high_breakout,20260427,positive_attention_high_value,high,positive_recall,False,trend_stability_failed;pre_breakout_ma30_sustained_failed,trend_stability_failed,515.7867232949623,461.3809236085326,False,False,False,False,False,4738428.599850002,2.1690847783008396,2.360340086039726,1.5103,0.5,0.3333333333333333,0.5555555555555556,0.0,0.13967504084065507,0.46828884271098803,0.2,0.2766281259481153,13,0.03226472962066035,False,trend_stability_failed;pre_breakout_ma30_sustained_failed;consecutive_green_k_failed,trend_stability_failed,515.7867232949623,461.3809236085326,False,False,False,False,False,4738428.599850002,2.1690847783008396,2.360340086039726,1.5103,0.5,0.3333333333333333,0.5555555555555556,0.0,0.13967504084065507,0.46828884271098803,0.2,0.2766281259481153,13,0.03226472962066035,False,trend_stability_failed;pre_breakout_ma30_sustained_failed,trend_stability_failed,515.7867232949623,461.3809236085326,False,False,False,False,False,4738428.599850002,2.1690847783008396,2.360340086039726,1.5103,0.5,0.3333333333333333,0.5555555555555556,0.0,0.13967504084065507,0.46828884271098803,0.2,0.2766281259481153,13,0.03226472962066035,True,long_base_breakout;ma10_ma20_walkup,False,trend_stability_failed;pre_breakout_ma30_sustained_failed,trend_stability_failed,515.7867232949623,461.3809236085326,False,False,False,False,False,4738428.599850002,2.1690847783008396,2.360340086039726,1.5103,0.5,0.3333333333333333,0.5555555555555556,0.0,0.13967504084065507,0.46828884271098803,0.2,0.2766281259481153,13,0.03226472962066035,False,trend_stability_failed;pre_breakout_ma30_sustained_failed,trend_stability_failed,515.7867232949623,461.3809236085326,False,False,False,False,False,4738428.599850002,2.1690847783008396,2.360340086039726,1.5103,0.5,0.3333333333333333,0.5555555555555556,0.0,0.13967504084065507,0.46828884271098803,0.2,0.2766281259481153,13,0.03226472962066035
stbu_002371_beifanghuachuang_2026_research,002371.SZ,北方华创,stbu_002371_20260615_high_level_acceleration,20260615,positive_attention_high_value,high,positive_recall,False,close_not_new_high_60d,close_not_new_high_60d,681.6077837603665,613.844981257994,True,True,True,False,False,9038880.138533501,0.9314438546970223,0.9203361857869883,0.8557,0.9666666666666667,0.7666666666666667,0.5444444444444444,-0.022873429868660478,0.14089335585397267,0.5400543091086932,0.2,0.15335746204368736,18,0.04433418349896878,False,close_not_new_high_60d,close_not_new_high_60d,681.6077837603665,613.844981257994,True,True,True,False,False,9038880.138533501,0.9314438546970223,0.9203361857869883,0.8557,0.9666666666666667,0.7666666666666667,0.5444444444444444,-0.022873429868660478,0.14089335585397267,0.5400543091086932,0.2,0.15335746204368736,18,0.04433418349896878,False,pre_breakout_ma30_sustained_failed,pre_breakout_ma30_sustained_failed,681.6077837603665,613.844981257994,True,True,True,False,False,9038880.138533501,0.9314438546970223,0.9203361857869883,0.8557,0.9666666666666667,0.7666666666666667,0.5444444444444444,-0.022873429868660478,0.14089335585397267,0.5400543091086932,0.2,0.15335746204368736,18,0.04433418349896878,True,pullback_reacceleration;trend_following;early_reversal,False,no_breakout_or_pre_breakout_trigger,no_breakout_or_pre_breakout_trigger,681.6077837603665,613.844981257994,True,True,True,False,False,9038880.138533501,0.9314438546970223,0.9203361857869883,0.8557,0.9666666666666667,0.7666666666666667,0.5444444444444444,-0.022873429868660478,0.14089335585397267,0.5400543091086932,0.2,0.15335746204368736,18,0.04433418349896878,False,no_breakout_or_pre_breakout_trigger,no_breakout_or_pre_breakout_trigger,681.6077837603665,613.844981257994,True,True,True,False,False,9038880.138533501,0.9314438546970223,0.9203361857869883,0.8557,0.9666666666666667,0.7666666666666667,0.5444444444444444,-0.022873429868660478,0.14089335585397267,0.5400543091086932,0.2,0.15335746204368736,18,0.04433418349896878
stbu_002371_beifanghuachuang_2026_research,002371.SZ,北方华创,stbu_002371_20260617_new_high_followthrough,20260617,positive_attention_high_value,high,positive_recall,False,volume_ratio_5d_20d_below_1.2,volume_ratio_5d_20d_below_1.2,703.5880412179725,623.6385180921732,True,True,True,False,False,8749408.475300001,0.8843073923697118,0.870460391328843,0.8772,0.9666666666666667,0.8,0.5444444444444444,0.0,0.07350609756097559,0.5500892194786057,0.2,0.1599634455390133,6,0.06882129637518566,False,volume_ratio_5d_20d_below_1.2,volume_ratio_5d_20d_below_1.2,703.5880412179725,623.6385180921732,True,True,True,False,False,8749408.475300001,0.8843073923697118,0.870460391328843,0.8772,0.9666666666666667,0.8,0.5444444444444444,0.0,0.07350609756097559,0.5500892194786057,0.2,0.1599634455390133,6,0.06882129637518566,False,already_new_high_60d,already_new_high_60d,703.5880412179725,623.6385180921732,True,True,True,False,False,8749408.475300001,0.8843073923697118,0.870460391328843,0.8772,0.9666666666666667,0.8,0.5444444444444444,0.0,0.07350609756097559,0.5500892194786057,0.2,0.1599634455390133,6,0.06882129637518566,True,long_base_breakout;pullback_reacceleration;trend_following,False,no_breakout_or_pre_breakout_trigger,no_breakout_or_pre_breakout_trigger,703.5880412179725,623.6385180921732,True,True,True,False,False,8749408.475300001,0.8843073923697118,0.870460391328843,0.8772,0.9666666666666667,0.8,0.5444444444444444,0.0,0.07350609756097559,0.5500892194786057,0.2,0.1599634455390133,6,0.06882129637518566,False,no_breakout_or_pre_breakout_trigger,no_breakout_or_pre_breakout_trigger,703.5880412179725,623.6385180921732,True,True,True,False,False,8749408.475300001,0.8843073923697118,0.870460391328843,0.8772,0.9666666666666667,0.8,0.5444444444444444,0.0,0.07350609756097559,0.5500892194786057,0.2,0.1599634455390133,6,0.06882129637518566
